id;intro;weather;home_last_result;visitor_last_result;home_scorers;visitor_scorers;last_meeting_result;last_meeting_scoring;home_sidelined;visitor_sidelined
1;array implementation UAE Dirham;infomediaries;Configuration;sensor;incubate Salad IB;Kyrgyz Republic;Facilitator;optical;Hat invoice;black
2;Concrete Isle of Man USB;Accountability Inverse tan;Research lime Devolved;Savings Account mission-critical;bluetooth;De-engineered;Plastic;Inverse Wooden;Manager tan;Delaware
3;strategic;Bike;virtual Shoes alarm;compress Sports Cotton;Indian Rupee Regional Web;Progressive;Florida Awesome Sri Lanka;Personal Loan Account IB;Bedfordshire synthesizing turn-key;24/7 Gorgeous Steel Tuna teal
4;Svalbard & Jan Mayen Islands withdrawal;Fresh;leverage;Tasty Borders Cotton;alarm;Steel Investment Account structure;AGP Circle viral;orchid Garden Auto Loan Account;optimize Unbranded;Facilitator RAM Democratic People's Republic of Korea
5;Operations;Buckinghamshire card;Movies navigating Sudanese Pound;transmit mobile;infomediaries Producer;Home Loan Account Mouse;system reinvent;Czech Koruna SMTP;Specialist Sausages;Security Engineer B2C
6;Applications;deposit;Handcrafted United States Minor Outlying Islands Configuration;collaborative protocol user-centric;Infrastructure;holistic;asymmetric Rubber parse;Meadow;mindshare;Chips
7;Money Market Account Parkway Montana;hybrid firewall;Meadows;synthesize;Lilangeni turn-key;Unbranded Rustic;Developer;Shirt United Arab Emirates;enterprise Minnesota;platforms
8;Mobility program;withdrawal;Romania Lights;compelling;orange SDD;Sleek;Viaduct Credit Card Account;Djibouti;California Coordinator Maine;Intelligent Cotton Salad program
9;Small;Small Rubber Ball;Home Loan Account system Platinum;PCI Savings Account Movies;Tuna Directives;Down-sized;online connect discrete;6th generation Rubber generating;Money Market Account frame withdrawal;Open-architected incentivize
10;Handmade Awesome partnerships;firewall;schemas Handmade;application Checking Account transition;Gorgeous Cotton Bike;Isle global PNG;knowledge base TCP Sleek;revolutionary deposit Michigan;Rial Omani metrics;plug-and-play Idaho Refined Granite Hat
